"Index","x","lag100"
May 1757,38.1,58
Jun 1757,12.8,62.6
Jul 1757,25,70
Aug 1757,51.3,55.7
Sep 1757,39.7,85
Oct 1757,32.5,83.5
Nov 1757,64.7,94.8
Dec 1757,33.5,66.3
Jan 1758,37.6,75.9
Feb 1758,52,75.5
Mar 1758,49,158.6
Apr 1758,72.3,85.2
May 1758,46.4,73.3
Jun 1758,45,75.9
Jul 1758,44,89.2
Aug 1758,38.7,88.3
Sep 1758,62.5,90
Oct 1758,37.7,100
Nov 1758,43,85.4
Dec 1758,43,103
Jan 1759,48.3,91.2
Feb 1759,44,65.7
Mar 1759,46.8,63.3
Apr 1759,47,75.4
May 1759,49,70
Jun 1759,50,43.5
Jul 1759,51,45.3
Aug 1759,71.3,56.4
Sep 1759,77.2,60.7
Oct 1759,59.7,50.7
Nov 1759,46.3,66.3
Dec 1759,57,59.8
Jan 1760,67.3,23.5
Feb 1760,59.5,23.2
Mar 1760,74.7,28.5
Apr 1760,58.3,44
May 1760,72,35
Jun 1760,48.3,50
Jul 1760,66,71
Aug 1760,75.6,59.3
Sep 1760,61.3,59.7
Oct 1760,50.6,39.6
Nov 1760,59.7,78.4
Dec 1760,61,29.3
Jan 1761,70,27.1
Feb 1761,91,46.6
Mar 1761,80.7,37.6
Apr 1761,71.7,40
May 1761,107.2,44
Jun 1761,99.3,32
Jul 1761,94.1,45.7
Aug 1761,91.1,38
Sep 1761,100.7,36
Oct 1761,88.7,31.7
Nov 1761,89.7,22.2
Dec 1761,46,39
Jan 1762,43.8,28
Feb 1762,72.8,25
Mar 1762,45.7,20
Apr 1762,60.2,6.7
May 1762,39.9,0
Jun 1762,77.1,3
Jul 1762,33.8,1.7
Aug 1762,67.7,13.7
Sep 1762,68.5,20.7
Oct 1762,69.3,26.7
Nov 1762,77.8,18.8
Dec 1762,77.2,12.3
Jan 1763,56.5,8.2
Feb 1763,31.9,24.1
Mar 1763,34.2,13.2
Apr 1763,32.9,4.2
May 1763,32.7,10.2
Jun 1763,35.8,11.2
Jul 1763,54.2,6.8
Aug 1763,26.5,6.5
Sep 1763,68.1,0
Oct 1763,46.3,0
Nov 1763,60.9,8.6
Dec 1763,61.4,3.2
Jan 1764,59.7,17.8
Feb 1764,59.7,23.7
Mar 1764,40.2,6.8
Apr 1764,34.4,20
May 1764,44.3,12.5
Jun 1764,30,7.1
Jul 1764,30,5.4
Aug 1764,30,9.4
Sep 1764,28.2,12.5
Oct 1764,28,12.9
Nov 1764,26,3.6
Dec 1764,25.7,6.4
Jan 1765,24,11.8
Feb 1765,26,14.3
Mar 1765,25,17
Apr 1765,22,9.4
May 1765,20.2,14.1
Jun 1765,20,21.2
Jul 1765,27,26.2
Aug 1765,29.7,30
Sep 1765,16,38.1
Oct 1765,14,12.8
Nov 1765,14,25
Dec 1765,13,51.3
Jan 1766,12,39.7
Feb 1766,11,32.5
Mar 1766,36.6,64.7
Apr 1766,6,33.5
May 1766,26.8,37.6
Jun 1766,3,52
Jul 1766,3.3,49
Aug 1766,4,72.3
Sep 1766,4.3,46.4
Oct 1766,5,45
Nov 1766,5.7,44
Dec 1766,19.2,38.7
Jan 1767,27.4,62.5
Feb 1767,30,37.7
Mar 1767,43,43
Apr 1767,32.9,43
May 1767,29.8,48.3
Jun 1767,33.3,44
Jul 1767,21.9,46.8
Aug 1767,40.8,47
Sep 1767,42.7,49
Oct 1767,44.1,50
Nov 1767,54.7,51
Dec 1767,53.3,71.3
Jan 1768,53.5,77.2
Feb 1768,66.1,59.7
Mar 1768,46.3,46.3
Apr 1768,42.7,57
May 1768,77.7,67.3
Jun 1768,77.4,59.5
Jul 1768,52.6,74.7
Aug 1768,66.8,58.3
Sep 1768,74.8,72
Oct 1768,77.8,48.3
Nov 1768,90.6,66
Dec 1768,111.8,75.6
Jan 1769,73.9,61.3
Feb 1769,64.2,50.6
Mar 1769,64.3,59.7
Apr 1769,96.7,61
May 1769,73.6,70
Jun 1769,94.4,91
Jul 1769,118.6,80.7
Aug 1769,120.3,71.7
Sep 1769,148.8,107.2
Oct 1769,158.2,99.3
Nov 1769,148.1,94.1
Dec 1769,112,91.1
Jan 1770,104,100.7
Feb 1770,142.5,88.7
Mar 1770,80.1,89.7
Apr 1770,51,46
May 1770,70.1,43.8
Jun 1770,83.3,72.8
Jul 1770,109.8,45.7
Aug 1770,126.3,60.2
Sep 1770,104.4,39.9
Oct 1770,103.6,77.1
Nov 1770,132.2,33.8
Dec 1770,102.3,67.7
Jan 1771,36,68.5
Feb 1771,46.2,69.3
Mar 1771,46.7,77.8
Apr 1771,64.9,77.2
May 1771,152.7,56.5
Jun 1771,119.5,31.9
Jul 1771,67.7,34.2
Aug 1771,58.5,32.9
Sep 1771,101.4,32.7
Oct 1771,90,35.8
Nov 1771,99.7,54.2
Dec 1771,95.7,26.5
Jan 1772,100.9,68.1
Feb 1772,90.8,46.3
Mar 1772,31.1,60.9
Apr 1772,92.2,61.4
May 1772,38,59.7
Jun 1772,57,59.7
Jul 1772,77.3,40.2
Aug 1772,56.2,34.4
Sep 1772,50.5,44.3
Oct 1772,78.6,30
Nov 1772,61.3,30
Dec 1772,64,30
Jan 1773,54.6,28.2
Feb 1773,29,28
Mar 1773,51.2,26
Apr 1773,32.9,25.7
May 1773,41.1,24
Jun 1773,28.4,26
Jul 1773,27.7,25
Aug 1773,12.7,22
Sep 1773,29.3,20.2
Oct 1773,26.3,20
Nov 1773,40.9,27
Dec 1773,43.2,29.7
Jan 1774,46.8,16
Feb 1774,65.4,14
Mar 1774,55.7,14
Apr 1774,43.8,13
May 1774,51.3,12
Jun 1774,28.5,11
Jul 1774,17.5,36.6
Aug 1774,6.6,6
Sep 1774,7.9,26.8
Oct 1774,14,3
Nov 1774,17.7,3.3
Dec 1774,12.2,4
Jan 1775,4.4,4.3
Feb 1775,0,5
Mar 1775,11.6,5.7
Apr 1775,11.2,19.2
May 1775,3.9,27.4
Jun 1775,12.3,30
Jul 1775,1,43
Aug 1775,7.9,32.9
Sep 1775,3.2,29.8
Oct 1775,5.6,33.3
Nov 1775,15.1,21.9
Dec 1775,7.9,40.8
Jan 1776,21.7,42.7
Feb 1776,11.6,44.1
Mar 1776,6.3,54.7
Apr 1776,21.8,53.3
May 1776,11.2,53.5
Jun 1776,19,66.1
Jul 1776,1,46.3
Aug 1776,24.2,42.7
Sep 1776,16,77.7
Oct 1776,30,77.4
Nov 1776,35,52.6
Dec 1776,40,66.8
Jan 1777,45,74.8
Feb 1777,36.5,77.8
Mar 1777,39,90.6
Apr 1777,95.5,111.8
May 1777,80.3,73.9
Jun 1777,80.7,64.2
Jul 1777,95,64.3
Aug 1777,112,96.7
Sep 1777,116.2,73.6
Oct 1777,106.5,94.4
Nov 1777,146,118.6
Dec 1777,157.3,120.3
Jan 1778,177.3,148.8
Feb 1778,109.3,158.2
Mar 1778,134,148.1
Apr 1778,145,112
May 1778,238.9,104
Jun 1778,171.6,142.5
Jul 1778,153,80.1
Aug 1778,140,51
Sep 1778,171.7,70.1
Oct 1778,156.3,83.3
Nov 1778,150.3,109.8
Dec 1778,105,126.3
Jan 1779,114.7,104.4
Feb 1779,165.7,103.6
Mar 1779,118,132.2
Apr 1779,145,102.3
May 1779,140,36
Jun 1779,113.7,46.2
Jul 1779,143,46.7
Aug 1779,112,64.9
Sep 1779,111,152.7
Oct 1779,124,119.5
Nov 1779,114,67.7
Dec 1779,110,58.5
Jan 1780,70,101.4
Feb 1780,98,90
Mar 1780,98,99.7
Apr 1780,95,95.7
May 1780,107.2,100.9
Jun 1780,88,90.8
Jul 1780,86,31.1
Aug 1780,86,92.2
Sep 1780,93.7,38
Oct 1780,77,57
Nov 1780,60,77.3
Dec 1780,58.7,56.2
Jan 1781,98.7,50.5
Feb 1781,74.7,78.6
Mar 1781,53,61.3
Apr 1781,68.3,64
May 1781,104.7,54.6
Jun 1781,97.7,29
Jul 1781,73.5,51.2
Aug 1781,66,32.9
Sep 1781,51,41.1
Oct 1781,27.3,28.4
Nov 1781,67,27.7
Dec 1781,35.2,12.7
Jan 1782,54,29.3
Feb 1782,37.5,26.3
Mar 1782,37,40.9
Apr 1782,41,43.2
May 1782,54.3,46.8
Jun 1782,38,65.4
Jul 1782,37,55.7
Aug 1782,44,43.8
Sep 1782,34,51.3
Oct 1782,23.2,28.5
Nov 1782,31.5,17.5
Dec 1782,30,6.6
Jan 1783,28,7.9
Feb 1783,38.7,14
Mar 1783,26.7,17.7
Apr 1783,28.3,12.2
May 1783,23,4.4
Jun 1783,25.2,0
Jul 1783,32.2,11.6
Aug 1783,20,11.2
Sep 1783,18,3.9
Oct 1783,8,12.3
Nov 1783,15,1
Dec 1783,10.5,7.9
Jan 1784,13,3.2
Feb 1784,8,5.6
Mar 1784,11,15.1
Apr 1784,10,7.9
May 1784,6,21.7
Jun 1784,9,11.6
Jul 1784,6,6.3
Aug 1784,10,21.8
Sep 1784,10,11.2
Oct 1784,8,19
Nov 1784,17,1
Dec 1784,14,24.2
Jan 1785,6.5,16
Feb 1785,8,30
Mar 1785,9,35
Apr 1785,15.7,40
May 1785,20.7,45
Jun 1785,26.3,36.5
Jul 1785,36.3,39
Aug 1785,20,95.5
Sep 1785,32,80.3
Oct 1785,47.2,80.7
Nov 1785,40.2,95
Dec 1785,27.3,112
Jan 1786,37.2,116.2
Feb 1786,47.6,106.5
Mar 1786,47.7,146
Apr 1786,85.4,157.3
May 1786,92.3,177.3
Jun 1786,59,109.3
Jul 1786,83,134
Aug 1786,89.7,145
Sep 1786,111.5,238.9
Oct 1786,112.3,171.6
Nov 1786,116,153
Dec 1786,112.7,140
Jan 1787,134.7,171.7
Feb 1787,106,156.3
Mar 1787,87.4,150.3
Apr 1787,127.2,105
May 1787,134.8,114.7
Jun 1787,99.2,165.7
Jul 1787,128,118
Aug 1787,137.2,145
Sep 1787,157.3,140
Oct 1787,157,113.7
Nov 1787,141.5,143
Dec 1787,174,112
Jan 1788,138,111
Feb 1788,129.2,124
Mar 1788,143.3,114
Apr 1788,108.5,110
May 1788,113,70
Jun 1788,154.2,98
Jul 1788,141.5,98
Aug 1788,136,95
Sep 1788,141,107.2
Oct 1788,142,88
Nov 1788,94.7,86
Dec 1788,129.5,86
Jan 1789,114,93.7
Feb 1789,125.3,77
Mar 1789,120,60
Apr 1789,123.3,58.7
May 1789,123.5,98.7
Jun 1789,120,74.7
Jul 1789,117,53
Aug 1789,103,68.3
Sep 1789,112,104.7
Oct 1789,89.7,97.7
Nov 1789,134,73.5
Dec 1789,135.5,66
Jan 1790,103,51
Feb 1790,127.5,27.3
Mar 1790,96.3,67
Apr 1790,94,35.2
May 1790,93,54
Jun 1790,91,37.5
Jul 1790,69.3,37
Aug 1790,87,41
Sep 1790,77.3,54.3
Oct 1790,84.3,38
Nov 1790,82,37
Dec 1790,74,44
Jan 1791,72.7,34
Feb 1791,62,23.2
Mar 1791,74,31.5
Apr 1791,77.2,30
May 1791,73.7,28
Jun 1791,64.2,38.7
Jul 1791,71,26.7
Aug 1791,43,28.3
Sep 1791,66.5,23
Oct 1791,61.7,25.2
Nov 1791,67,32.2
Dec 1791,66,20
Jan 1792,58,18
Feb 1792,64,8
Mar 1792,63,15
Apr 1792,75.7,10.5
May 1792,62,13
Jun 1792,61,8
Jul 1792,45.8,11
Aug 1792,60,10
Sep 1792,59,6
Oct 1792,59,9
Nov 1792,57,6
Dec 1792,56,10
Jan 1793,56,10
Feb 1793,55,8
Mar 1793,55.5,17
Apr 1793,53,14
May 1793,52.3,6.5
Jun 1793,51,8
Jul 1793,50,9
Aug 1793,29.3,15.7
Sep 1793,24,20.7
Oct 1793,47,26.3
Nov 1793,44,36.3
Dec 1793,45.7,20
Jan 1794,45,32
Feb 1794,44,47.2
Mar 1794,38,40.2
Apr 1794,28.4,27.3
May 1794,55.7,37.2
Jun 1794,41.5,47.6
Jul 1794,41,47.7
Aug 1794,40,85.4
Sep 1794,11.1,92.3
Oct 1794,28.5,59
Nov 1794,67.4,83
Dec 1794,51.4,89.7
Jan 1795,21.4,111.5
Feb 1795,39.9,112.3
Mar 1795,12.6,116
Apr 1795,18.6,112.7
May 1795,31,134.7
Jun 1795,17.1,106
Jul 1795,12.9,87.4
Aug 1795,25.7,127.2
Sep 1795,13.5,134.8
Oct 1795,19.5,99.2
Nov 1795,25,128
Dec 1795,18,137.2
Jan 1796,22,157.3
Feb 1796,23.8,157
Mar 1796,15.7,141.5
Apr 1796,31.7,174
May 1796,21,138
Jun 1796,6.7,129.2
Jul 1796,26.9,143.3
Aug 1796,1.5,108.5
Sep 1796,18.4,113
Oct 1796,11,154.2
Nov 1796,8.4,141.5
Dec 1796,5.1,136
Jan 1797,14.4,141
Feb 1797,4.2,142
Mar 1797,4,94.7
Apr 1797,4,129.5
May 1797,7.3,114
Jun 1797,11.1,125.3
Jul 1797,4.3,120
Aug 1797,6,123.3
Sep 1797,5.7,123.5
Oct 1797,6.9,120
Nov 1797,5.8,117
Dec 1797,3,103
Jan 1798,2,112
Feb 1798,4,89.7
Mar 1798,12.4,134
Apr 1798,1.1,135.5
May 1798,0,103
Jun 1798,0,127.5
Jul 1798,0,96.3
Aug 1798,3,94
Sep 1798,2.4,93
Oct 1798,1.5,91
Nov 1798,12.5,69.3
Dec 1798,9.9,87
Jan 1799,1.6,77.3
Feb 1799,12.6,84.3
Mar 1799,21.7,82
Apr 1799,8.4,74
May 1799,8.2,72.7
Jun 1799,10.6,62
Jul 1799,2.1,74
Aug 1799,0,77.2
Sep 1799,0,73.7
Oct 1799,4.6,64.2
Nov 1799,2.7,71
Dec 1799,8.6,43
Jan 1800,6.9,66.5
Feb 1800,9.3,61.7
Mar 1800,13.9,67
Apr 1800,0,66
May 1800,5,58
Jun 1800,23.7,64
Jul 1800,21,63
Aug 1800,19.5,75.7
Sep 1800,11.5,62
Oct 1800,12.3,61
Nov 1800,10.5,45.8
Dec 1800,40.1,60
Jan 1801,27,59
Feb 1801,29,59
Mar 1801,30,57
Apr 1801,31,56
May 1801,32,56
Jun 1801,31.2,55
Jul 1801,35,55.5
Aug 1801,38.7,53
Sep 1801,33.5,52.3
Oct 1801,32.6,51
Nov 1801,39.8,50
Dec 1801,48.2,29.3
Jan 1802,47.8,24
Feb 1802,47,47
Mar 1802,40.8,44
Apr 1802,42,45.7
May 1802,44,45
Jun 1802,46,44
Jul 1802,48,38
Aug 1802,50,28.4
Sep 1802,51.8,55.7
Oct 1802,38.5,41.5
Nov 1802,34.5,41
Dec 1802,50,40
Jan 1803,50,11.1
Feb 1803,50.8,28.5
Mar 1803,29.5,67.4
Apr 1803,25,51.4
May 1803,44.3,21.4
Jun 1803,36,39.9
Jul 1803,48.3,12.6
Aug 1803,34.1,18.6
Sep 1803,45.3,31
Oct 1803,54.3,17.1
Nov 1803,51,12.9
Dec 1803,48,25.7
Jan 1804,45.3,13.5
Feb 1804,48.3,19.5
Mar 1804,48,25
Apr 1804,50.6,18
May 1804,33.4,22
Jun 1804,34.8,23.8
Jul 1804,29.8,15.7
Aug 1804,43.1,31.7
Sep 1804,53,21
Oct 1804,62.3,6.7
Nov 1804,61,26.9
Dec 1804,60,1.5
Jan 1805,61,18.4
Feb 1805,44.1,11
Mar 1805,51.4,8.4
Apr 1805,37.5,5.1
May 1805,39,14.4
Jun 1805,40.5,4.2
Jul 1805,37.6,4
Aug 1805,42.7,4
Sep 1805,44.4,7.3
Oct 1805,29.4,11.1
Nov 1805,41,4.3
Dec 1805,38.3,6
Jan 1806,39,5.7
Feb 1806,29.6,6.9
Mar 1806,32.7,5.8
Apr 1806,27.7,3
May 1806,26.4,2
Jun 1806,25.6,4
Jul 1806,30,12.4
Aug 1806,26.3,1.1
Sep 1806,24,0
Oct 1806,27,0
Nov 1806,25,0
Dec 1806,24,3
Jan 1807,12,2.4
Feb 1807,12.2,1.5
Mar 1807,9.6,12.5
Apr 1807,23.8,9.9
May 1807,10,1.6
Jun 1807,12,12.6
Jul 1807,12.7,21.7
Aug 1807,12,8.4
Sep 1807,5.7,8.2
Oct 1807,8,10.6
Nov 1807,2.6,2.1
Dec 1807,0,0
Jan 1808,0,0
Feb 1808,4.5,4.6
Mar 1808,0,2.7
Apr 1808,12.3,8.6
May 1808,13.5,6.9
Jun 1808,13.5,9.3
Jul 1808,6.7,13.9
Aug 1808,8,0
Sep 1808,11.7,5
Oct 1808,4.7,23.7
Nov 1808,10.5,21
Dec 1808,12.3,19.5
Jan 1809,7.2,11.5
Feb 1809,9.2,12.3
Mar 1809,0.9,10.5
Apr 1809,2.5,40.1
May 1809,2,27
Jun 1809,7.7,29
Jul 1809,0.3,30
Aug 1809,0.2,31
Sep 1809,0.4,32
Oct 1809,0,31.2
Nov 1809,0,35
Dec 1809,0,38.7
Jan 1810,0,33.5
Feb 1810,0,32.6
Mar 1810,0,39.8
Apr 1810,0,48.2
May 1810,0,47.8
Jun 1810,0,47
Jul 1810,0,40.8
Aug 1810,0,42
Sep 1810,0,44
Oct 1810,0,46
Nov 1810,0,48
Dec 1810,0,50
Jan 1811,0,51.8
Feb 1811,0,38.5
Mar 1811,0,34.5
Apr 1811,0,50
May 1811,0,50
Jun 1811,0,50.8
Jul 1811,6.6,29.5
Aug 1811,0,25
Sep 1811,2.4,44.3
Oct 1811,6.1,36
Nov 1811,0.8,48.3
Dec 1811,1.1,34.1
Jan 1812,11.3,45.3
Feb 1812,1.9,54.3
Mar 1812,0.7,51
Apr 1812,0,48
May 1812,1,45.3
Jun 1812,1.3,48.3
Jul 1812,0.5,48
Aug 1812,15.6,50.6
Sep 1812,5.2,33.4
Oct 1812,3.9,34.8
Nov 1812,7.9,29.8
Dec 1812,10.1,43.1
Jan 1813,0,53
Feb 1813,10.3,62.3
Mar 1813,1.9,61
Apr 1813,16.6,60
May 1813,5.5,61
Jun 1813,11.2,44.1
Jul 1813,18.3,51.4
Aug 1813,8.4,37.5
Sep 1813,15.3,39
Oct 1813,27.8,40.5
Nov 1813,16.7,37.6
Dec 1813,14.3,42.7
Jan 1814,22.2,44.4
Feb 1814,12,29.4
Mar 1814,5.7,41
Apr 1814,23.8,38.3
May 1814,5.8,39
Jun 1814,14.9,29.6
Jul 1814,18.5,32.7
Aug 1814,2.3,27.7
Sep 1814,8.1,26.4
Oct 1814,19.3,25.6
Nov 1814,14.5,30
Dec 1814,20.1,26.3
Jan 1815,19.2,24
Feb 1815,32.2,27
Mar 1815,26.2,25
Apr 1815,31.6,24
May 1815,9.8,12
Jun 1815,55.9,12.2
Jul 1815,35.5,9.6
Aug 1815,47.2,23.8
Sep 1815,31.5,10
Oct 1815,33.5,12
Nov 1815,37.2,12.7
Dec 1815,65,12
Jan 1816,26.3,5.7
Feb 1816,68.8,8
Mar 1816,73.7,2.6
Apr 1816,58.8,0
May 1816,44.3,0
Jun 1816,43.6,4.5
Jul 1816,38.8,0
Aug 1816,23.2,12.3
Sep 1816,47.8,13.5
Oct 1816,56.4,13.5
Nov 1816,38.1,6.7
Dec 1816,29.9,8
Jan 1817,36.4,11.7
Feb 1817,57.9,4.7
Mar 1817,96.2,10.5
Apr 1817,26.4,12.3
May 1817,21.2,7.2
Jun 1817,40,9.2
Jul 1817,50,0.9
Aug 1817,45,2.5
Sep 1817,36.7,2
Oct 1817,25.6,7.7
Nov 1817,28.9,0.3
Dec 1817,28.4,0.2
Jan 1818,34.9,0.4
Feb 1818,22.4,0
Mar 1818,25.4,0
Apr 1818,34.5,0
May 1818,53.1,0
Jun 1818,36.4,0
Jul 1818,28,0
Aug 1818,31.5,0
Sep 1818,26.1,0
Oct 1818,31.7,0
Nov 1818,10.9,0
Dec 1818,25.8,0
Jan 1819,32.5,0
Feb 1819,20.7,0
Mar 1819,3.7,0
Apr 1819,20.2,0
May 1819,19.6,0
Jun 1819,35,0
Jul 1819,31.4,0
Aug 1819,26.1,0
Sep 1819,14.9,0
Oct 1819,27.5,0
Nov 1819,25.1,6.6
Dec 1819,30.6,0
Jan 1820,19.2,2.4
Feb 1820,26.6,6.1
Mar 1820,4.5,0.8
Apr 1820,19.4,1.1
May 1820,29.3,11.3
Jun 1820,10.8,1.9
Jul 1820,20.6,0.7
Aug 1820,25.9,0
Sep 1820,5.2,1
Oct 1820,9,1.3
Nov 1820,7.9,0.5
Dec 1820,9.7,15.6
Jan 1821,21.5,5.2
Feb 1821,4.3,3.9
Mar 1821,5.7,7.9
Apr 1821,9.2,10.1
May 1821,1.7,0
Jun 1821,1.8,10.3
Jul 1821,2.5,1.9
Aug 1821,4.8,16.6
Sep 1821,4.4,5.5
Oct 1821,18.8,11.2
Nov 1821,4.4,18.3
Dec 1821,0,8.4
Jan 1822,0,15.3
Feb 1822,0.9,27.8
Mar 1822,16.1,16.7
Apr 1822,13.5,14.3
May 1822,1.5,22.2
Jun 1822,5.6,12
Jul 1822,7.9,5.7
Aug 1822,2.1,23.8
Sep 1822,0,5.8
Oct 1822,0.4,14.9
Nov 1822,0,18.5
Dec 1822,0,2.3
Jan 1823,0,8.1
Feb 1823,0,19.3
Mar 1823,0.6,14.5
Apr 1823,0,20.1
May 1823,0,19.2
Jun 1823,0,32.2
Jul 1823,0.5,26.2
Aug 1823,0,31.6
Sep 1823,0,9.8
Oct 1823,0,55.9
Nov 1823,0,35.5
Dec 1823,20.4,47.2
Jan 1824,21.6,31.5
Feb 1824,10.8,33.5
Mar 1824,0,37.2
Apr 1824,19.4,65
May 1824,2.8,26.3
Jun 1824,0,68.8
Jul 1824,0,73.7
Aug 1824,1.4,58.8
Sep 1824,20.5,44.3
Oct 1824,25.2,43.6
Nov 1824,0,38.8
Dec 1824,0.8,23.2
Jan 1825,5,47.8
Feb 1825,15.5,56.4
Mar 1825,22.4,38.1
Apr 1825,3.8,29.9
May 1825,15.4,36.4
Jun 1825,15.4,57.9
Jul 1825,30.9,96.2
Aug 1825,25.4,26.4
Sep 1825,15.7,21.2
Oct 1825,15.6,40
Nov 1825,11.7,50
Dec 1825,22,45
Jan 1826,17.7,36.7
Feb 1826,18.2,25.6
Mar 1826,36.7,28.9
Apr 1826,24,28.4
May 1826,32.4,34.9
Jun 1826,37.1,22.4
Jul 1826,52.5,25.4
Aug 1826,39.6,34.5
Sep 1826,18.9,53.1
Oct 1826,50.6,36.4
Nov 1826,39.5,28
Dec 1826,68.1,31.5
Jan 1827,34.6,26.1
Feb 1827,47.4,31.7
Mar 1827,57.8,10.9
Apr 1827,46,25.8
May 1827,56.3,32.5
Jun 1827,56.7,20.7
Jul 1827,42.9,3.7
Aug 1827,53.7,20.2
Sep 1827,49.6,19.6
Oct 1827,57.2,35
Nov 1827,48.2,31.4
Dec 1827,46.1,26.1
Jan 1828,52.8,14.9
Feb 1828,64.4,27.5
Mar 1828,65,25.1
Apr 1828,61.1,30.6
May 1828,89.1,19.2
Jun 1828,98,26.6
Jul 1828,54.3,4.5
Aug 1828,76.4,19.4
Sep 1828,50.4,29.3
Oct 1828,54.7,10.8
Nov 1828,57,20.6
Dec 1828,46.6,25.9
Jan 1829,43,5.2
Feb 1829,49.4,9
Mar 1829,72.3,7.9
Apr 1829,95,9.7
May 1829,67.5,21.5
Jun 1829,73.9,4.3
Jul 1829,90.8,5.7
Aug 1829,78.3,9.2
Sep 1829,52.8,1.7
Oct 1829,57.2,1.8
Nov 1829,67.6,2.5
Dec 1829,56.5,4.8
Jan 1830,52.2,4.4
Feb 1830,72.1,18.8
Mar 1830,84.6,4.4
Apr 1830,107.1,0
May 1830,66.3,0
Jun 1830,65.1,0.9
Jul 1830,43.9,16.1
Aug 1830,50.7,13.5
Sep 1830,62.1,1.5
Oct 1830,84.4,5.6
Nov 1830,81.2,7.9
Dec 1830,82.1,2.1
Jan 1831,47.5,0
Feb 1831,50.1,0.4
Mar 1831,93.4,0
Apr 1831,54.6,0
May 1831,38.1,0
Jun 1831,33.4,0
Jul 1831,45.2,0.6
Aug 1831,54.9,0
Sep 1831,37.9,0
Oct 1831,46.2,0
Nov 1831,43.5,0.5
Dec 1831,28.9,0
Jan 1832,30.9,0
Feb 1832,55.5,0
Mar 1832,55.1,0
Apr 1832,26.9,20.4
May 1832,41.3,21.6
Jun 1832,26.7,10.8
Jul 1832,13.9,0
Aug 1832,8.9,19.4
Sep 1832,8.2,2.8
Oct 1832,21.1,0
Nov 1832,14.3,0
Dec 1832,27.5,1.4
Jan 1833,11.3,20.5
Feb 1833,14.9,25.2
Mar 1833,11.8,0
Apr 1833,2.8,0.8
May 1833,12.9,5
Jun 1833,1,15.5
Jul 1833,7,22.4
Aug 1833,5.7,3.8
Sep 1833,11.6,15.4
Oct 1833,7.5,15.4
Nov 1833,5.9,30.9
Dec 1833,9.9,25.4
Jan 1834,4.9,15.7
Feb 1834,18.1,15.6
Mar 1834,3.9,11.7
Apr 1834,1.4,22
May 1834,8.8,17.7
Jun 1834,7.8,18.2
Jul 1834,8.7,36.7
Aug 1834,4,24
Sep 1834,11.5,32.4
Oct 1834,24.8,37.1
Nov 1834,30.5,52.5
Dec 1834,34.5,39.6
Jan 1835,7.5,18.9
Feb 1835,24.5,50.6
Mar 1835,19.7,39.5
Apr 1835,61.5,68.1
May 1835,43.6,34.6
Jun 1835,33.2,47.4
Jul 1835,59.8,57.8
Aug 1835,59,46
Sep 1835,100.8,56.3
Oct 1835,95.2,56.7
Nov 1835,100,42.9
Dec 1835,77.5,53.7
Jan 1836,88.6,49.6
Feb 1836,107.6,57.2
Mar 1836,98.1,48.2
Apr 1836,142.9,46.1
May 1836,111.4,52.8
Jun 1836,124.7,64.4
Jul 1836,116.7,65
Aug 1836,107.8,61.1
Sep 1836,95.1,89.1
Oct 1836,137.4,98
Nov 1836,120.9,54.3
Dec 1836,206.2,76.4
Jan 1837,188,50.4
Feb 1837,175.6,54.7
Mar 1837,134.6,57
Apr 1837,138.2,46.6
May 1837,111.3,43
Jun 1837,158,49.4
Jul 1837,162.8,72.3
Aug 1837,134,95
Sep 1837,96.3,67.5
Oct 1837,123.7,73.9
Nov 1837,107,90.8
Dec 1837,129.8,78.3
Jan 1838,144.9,52.8
Feb 1838,84.8,57.2
Mar 1838,140.8,67.6
Apr 1838,126.6,56.5
May 1838,137.6,52.2
Jun 1838,94.5,72.1
Jul 1838,108.2,84.6
Aug 1838,78.8,107.1
Sep 1838,73.6,66.3
Oct 1838,90.8,65.1
Nov 1838,77.4,43.9
Dec 1838,79.8,50.7
Jan 1839,107.6,62.1
Feb 1839,102.5,84.4
Mar 1839,77.7,81.2
Apr 1839,61.8,82.1
May 1839,53.8,47.5
Jun 1839,54.6,50.1
Jul 1839,84.7,93.4
Aug 1839,131.2,54.6
Sep 1839,132.7,38.1
Oct 1839,90.8,33.4
Nov 1839,68.8,45.2
Dec 1839,63.6,54.9
Jan 1840,81.2,37.9
Feb 1840,87.7,46.2
Mar 1840,55.5,43.5
Apr 1840,65.9,28.9
May 1840,69.2,30.9
Jun 1840,48.5,55.5
Jul 1840,60.7,55.1
Aug 1840,57.8,26.9
Sep 1840,74,41.3
Oct 1840,49.8,26.7
Nov 1840,54.3,13.9
Dec 1840,53.7,8.9
Jan 1841,24,8.2
Feb 1841,29.9,21.1
Mar 1841,29.7,14.3
Apr 1841,42.6,27.5
May 1841,67.4,11.3
Jun 1841,55.7,14.9
Jul 1841,30.8,11.8
Aug 1841,39.3,2.8
Sep 1841,35.1,12.9
Oct 1841,28.5,1
Nov 1841,19.8,7
Dec 1841,38.8,5.7
Jan 1842,20.4,11.6
Feb 1842,22.1,7.5
Mar 1842,21.7,5.9
Apr 1842,26.9,9.9
May 1842,24.9,4.9
Jun 1842,20.5,18.1
Jul 1842,12.6,3.9
Aug 1842,26.5,1.4
Sep 1842,18.5,8.8
Oct 1842,38.1,7.8
Nov 1842,40.5,8.7
Dec 1842,17.6,4
Jan 1843,13.3,11.5
Feb 1843,3.5,24.8
Mar 1843,8.3,30.5
Apr 1843,8.8,34.5
May 1843,21.1,7.5
Jun 1843,10.5,24.5
Jul 1843,9.5,19.7
Aug 1843,11.8,61.5
Sep 1843,4.2,43.6
Oct 1843,5.3,33.2
Nov 1843,19.1,59.8
Dec 1843,12.7,59
Jan 1844,9.4,100.8
Feb 1844,14.7,95.2
Mar 1844,13.6,100
Apr 1844,20.8,77.5
May 1844,12,88.6
Jun 1844,3.7,107.6
Jul 1844,21.2,98.1
Aug 1844,23.9,142.9
Sep 1844,6.9,111.4
Oct 1844,21.5,124.7
Nov 1844,10.7,116.7
Dec 1844,21.6,107.8
Jan 1845,25.7,95.1
Feb 1845,43.6,137.4
Mar 1845,43.3,120.9
Apr 1845,56.9,206.2
May 1845,47.8,188
Jun 1845,31.1,175.6
Jul 1845,30.6,134.6
Aug 1845,32.3,138.2
Sep 1845,29.6,111.3
Oct 1845,40.7,158
Nov 1845,39.4,162.8
Dec 1845,59.7,134
Jan 1846,38.7,96.3
Feb 1846,51,123.7
Mar 1846,63.9,107
Apr 1846,69.2,129.8
May 1846,59.9,144.9
Jun 1846,65.1,84.8
Jul 1846,46.5,140.8
Aug 1846,54.8,126.6
Sep 1846,107.1,137.6
Oct 1846,55.9,94.5
Nov 1846,60.4,108.2
Dec 1846,65.5,78.8
Jan 1847,62.6,73.6
Feb 1847,44.9,90.8
Mar 1847,85.7,77.4
Apr 1847,44.7,79.8
May 1847,75.4,107.6
Jun 1847,85.3,102.5
Jul 1847,52.2,77.7
Aug 1847,140.6,61.8
Sep 1847,161.2,53.8
Oct 1847,180.4,54.6
Nov 1847,138.9,84.7
Dec 1847,109.6,131.2
Jan 1848,159.1,132.7
Feb 1848,111.8,90.8
Mar 1848,108.9,68.8
Apr 1848,107.1,63.6
May 1848,102.2,81.2
Jun 1848,123.8,87.7
Jul 1848,139.2,55.5
Aug 1848,132.5,65.9
Sep 1848,100.3,69.2
Oct 1848,132.4,48.5
Nov 1848,114.6,60.7
Dec 1848,159.9,57.8
Jan 1849,156.7,74
Feb 1849,131.7,49.8
Mar 1849,96.5,54.3
Apr 1849,102.5,53.7
May 1849,80.6,24
Jun 1849,81.2,29.9
Jul 1849,78,29.7
Aug 1849,61.3,42.6
Sep 1849,93.7,67.4
Oct 1849,71.5,55.7
Nov 1849,99.7,30.8
Dec 1849,97,39.3
Jan 1850,78,35.1
Feb 1850,89.4,28.5
Mar 1850,82.6,19.8
Apr 1850,44.1,38.8
May 1850,61.6,20.4
Jun 1850,70,22.1
Jul 1850,39.1,21.7
Aug 1850,61.6,26.9
Sep 1850,86.2,24.9
Oct 1850,71,20.5
Nov 1850,54.8,12.6
Dec 1850,60,26.5
Jan 1851,75.5,18.5
Feb 1851,105.4,38.1
Mar 1851,64.6,40.5
Apr 1851,56.5,17.6
May 1851,62.6,13.3
Jun 1851,63.2,3.5
Jul 1851,36.1,8.3
Aug 1851,57.4,8.8
Sep 1851,67.9,21.1
Oct 1851,62.5,10.5
Nov 1851,50.9,9.5
Dec 1851,71.4,11.8
Jan 1852,68.4,4.2
Feb 1852,67.5,5.3
Mar 1852,61.2,19.1
Apr 1852,65.4,12.7
May 1852,54.9,9.4
Jun 1852,46.9,14.7
Jul 1852,42,13.6
Aug 1852,39.7,20.8
Sep 1852,37.5,12
Oct 1852,67.3,3.7
Nov 1852,54.3,21.2
Dec 1852,45.4,23.9
Jan 1853,41.1,6.9
Feb 1853,42.9,21.5
Mar 1853,37.7,10.7
Apr 1853,47.6,21.6
May 1853,34.7,25.7
Jun 1853,40,43.6
Jul 1853,45.9,43.3
Aug 1853,50.4,56.9
Sep 1853,33.5,47.8
Oct 1853,42.3,31.1
Nov 1853,28.8,30.6
Dec 1853,23.4,32.3
Jan 1854,15.4,29.6
Feb 1854,20,40.7
Mar 1854,20.7,39.4
Apr 1854,26.4,59.7
May 1854,24,38.7
Jun 1854,21.1,51
Jul 1854,18.7,63.9
Aug 1854,15.8,69.2
Sep 1854,22.4,59.9
Oct 1854,12.7,65.1
Nov 1854,28.2,46.5
Dec 1854,21.4,54.8
Jan 1855,12.3,107.1
Feb 1855,11.4,55.9
Mar 1855,17.4,60.4
Apr 1855,4.4,65.5
May 1855,9.1,62.6
Jun 1855,5.3,44.9
Jul 1855,0.4,85.7
Aug 1855,3.1,44.7
Sep 1855,0,75.4
Oct 1855,9.7,85.3
Nov 1855,4.3,52.2
Dec 1855,3.1,140.6
Jan 1856,0.5,161.2
Feb 1856,4.9,180.4
Mar 1856,0.4,138.9
Apr 1856,6.5,109.6
May 1856,0,159.1
Jun 1856,5,111.8
Jul 1856,4.6,108.9
Aug 1856,5.9,107.1
Sep 1856,4.4,102.2
Oct 1856,4.5,123.8
Nov 1856,7.7,139.2
Dec 1856,7.2,132.5
Jan 1857,13.7,100.3
Feb 1857,7.4,132.4
Mar 1857,5.2,114.6
Apr 1857,11.1,159.9
May 1857,29.2,156.7
Jun 1857,16,131.7
Jul 1857,22.2,96.5
Aug 1857,16.9,102.5
Sep 1857,42.4,80.6
Oct 1857,40.6,81.2
Nov 1857,31.4,78
Dec 1857,37.2,61.3
Jan 1858,39,93.7
Feb 1858,34.9,71.5
Mar 1858,57.5,99.7
Apr 1858,38.3,97
May 1858,41.4,78
Jun 1858,44.5,89.4
Jul 1858,56.7,82.6
Aug 1858,55.3,44.1
Sep 1858,80.1,61.6
Oct 1858,91.2,70
Nov 1858,51.9,39.1
Dec 1858,66.9,61.6
Jan 1859,83.7,86.2
Feb 1859,87.6,71
Mar 1859,90.3,54.8
Apr 1859,85.7,60
May 1859,91,75.5
Jun 1859,87.1,105.4
Jul 1859,95.2,64.6
Aug 1859,106.8,56.5
Sep 1859,105.8,62.6
Oct 1859,114.6,63.2
Nov 1859,97.2,36.1
Dec 1859,81,57.4
Jan 1860,81.5,67.9
Feb 1860,88,62.5
Mar 1860,98.9,50.9
Apr 1860,71.4,71.4
May 1860,107.1,68.4
Jun 1860,108.6,67.5
Jul 1860,116.7,61.2
Aug 1860,100.3,65.4
Sep 1860,92.2,54.9
Oct 1860,90.1,46.9
Nov 1860,97.9,42
Dec 1860,95.6,39.7
Jan 1861,62.3,37.5
Feb 1861,77.8,67.3
Mar 1861,101,54.3
Apr 1861,98.5,45.4
May 1861,56.8,41.1
Jun 1861,87.8,42.9
Jul 1861,78,37.7
Aug 1861,82.5,47.6
Sep 1861,79.9,34.7
Oct 1861,67.2,40
Nov 1861,53.7,45.9
Dec 1861,80.5,50.4
Jan 1862,63.1,33.5
Feb 1862,64.5,42.3
Mar 1862,43.6,28.8
Apr 1862,53.7,23.4
May 1862,64.4,15.4
Jun 1862,84,20
Jul 1862,73.4,20.7
Aug 1862,62.5,26.4
Sep 1862,66.6,24
Oct 1862,42,21.1
Nov 1862,50.6,18.7
Dec 1862,40.9,15.8
Jan 1863,48.3,22.4
Feb 1863,56.7,12.7
Mar 1863,66.4,28.2
Apr 1863,40.6,21.4
May 1863,53.8,12.3
Jun 1863,40.8,11.4
Jul 1863,32.7,17.4
Aug 1863,48.1,4.4
Sep 1863,22,9.1
Oct 1863,39.9,5.3
Nov 1863,37.7,0.4
Dec 1863,41.2,3.1
Jan 1864,57.7,0
Feb 1864,47.1,9.7
Mar 1864,66.3,4.3
Apr 1864,35.8,3.1
May 1864,40.6,0.5
Jun 1864,57.8,4.9
Jul 1864,54.7,0.4
Aug 1864,54.8,6.5
Sep 1864,28.5,0
Oct 1864,33.9,5
Nov 1864,57.6,4.6
Dec 1864,28.6,5.9
Jan 1865,48.7,4.4
Feb 1865,39.3,4.5
Mar 1865,39.5,7.7
Apr 1865,29.4,7.2
May 1865,34.5,13.7
Jun 1865,33.6,7.4
Jul 1865,26.8,5.2
Aug 1865,37.8,11.1
Sep 1865,21.6,29.2
Oct 1865,17.1,16
Nov 1865,24.6,22.2
Dec 1865,12.8,16.9
Jan 1866,31.6,42.4
Feb 1866,38.4,40.6
Mar 1866,24.6,31.4
Apr 1866,17.6,37.2
May 1866,12.9,39
Jun 1866,16.5,34.9
Jul 1866,9.3,57.5
Aug 1866,12.7,38.3
Sep 1866,7.3,41.4
Oct 1866,14.1,44.5
Nov 1866,9,56.7
Dec 1866,1.5,55.3
Jan 1867,0,80.1
Feb 1867,0.7,91.2
Mar 1867,9.2,51.9
Apr 1867,5.1,66.9
May 1867,2.9,83.7
Jun 1867,1.5,87.6
Jul 1867,5,90.3
Aug 1867,4.9,85.7
Sep 1867,9.8,91
Oct 1867,13.5,87.1
Nov 1867,9.3,95.2
Dec 1867,25.2,106.8
Jan 1868,15.6,105.8
Feb 1868,15.8,114.6
Mar 1868,26.5,97.2
Apr 1868,36.6,81
May 1868,26.7,81.5
Jun 1868,31.1,88
Jul 1868,28.6,98.9
Aug 1868,34.4,71.4
Sep 1868,43.8,107.1
Oct 1868,61.7,108.6
Nov 1868,59.1,116.7
Dec 1868,67.6,100.3
Jan 1869,60.9,92.2
Feb 1869,59.3,90.1
Mar 1869,52.7,97.9
Apr 1869,41,95.6
May 1869,104,62.3
Jun 1869,108.4,77.8
Jul 1869,59.2,101
Aug 1869,79.6,98.5
Sep 1869,80.6,56.8
Oct 1869,59.4,87.8
Nov 1869,77.4,78
Dec 1869,104.3,82.5
Jan 1870,77.3,79.9
Feb 1870,114.9,67.2
Mar 1870,159.4,53.7
Apr 1870,160,80.5
May 1870,176,63.1
Jun 1870,135.6,64.5
Jul 1870,132.4,43.6
Aug 1870,153.8,53.7
Sep 1870,136,64.4
Oct 1870,146.4,84
Nov 1870,147.5,73.4
Dec 1870,130,62.5
Jan 1871,88.3,66.6
Feb 1871,125.3,42
Mar 1871,143.2,50.6
Apr 1871,162.4,40.9
May 1871,145.5,48.3
Jun 1871,91.7,56.7
Jul 1871,103,66.4
Aug 1871,110,40.6
Sep 1871,80.3,53.8
Oct 1871,89,40.8
Nov 1871,105.4,32.7
Dec 1871,90.3,48.1
Jan 1872,79.5,22
Feb 1872,120.1,39.9
Mar 1872,88.4,37.7
Apr 1872,102.1,41.2
May 1872,107.6,57.7
Jun 1872,109.9,47.1
Jul 1872,105.5,66.3
Aug 1872,92.9,35.8
Sep 1872,114.6,40.6
Oct 1872,103.5,57.8
Nov 1872,112,54.7
Dec 1872,83.9,54.8
Jan 1873,86.7,28.5
Feb 1873,107,33.9
Mar 1873,98.3,57.6
Apr 1873,76.2,28.6
May 1873,47.9,48.7
Jun 1873,44.8,39.3
Jul 1873,66.9,39.5
Aug 1873,68.2,29.4
Sep 1873,47.5,34.5
Oct 1873,47.4,33.6
Nov 1873,55.4,26.8
Dec 1873,49.2,37.8
Jan 1874,60.8,21.6
Feb 1874,64.2,17.1
Mar 1874,46.4,24.6
Apr 1874,32,12.8
May 1874,44.6,31.6
Jun 1874,38.2,38.4
Jul 1874,67.8,24.6
Aug 1874,61.3,17.6
Sep 1874,28,12.9
Oct 1874,34.3,16.5
Nov 1874,28.9,9.3
Dec 1874,29.3,12.7
Jan 1875,14.6,7.3
Feb 1875,22.2,14.1
Mar 1875,33.8,9
Apr 1875,29.1,1.5
May 1875,11.5,0
Jun 1875,23.9,0.7
Jul 1875,12.5,9.2
Aug 1875,14.6,5.1
Sep 1875,2.4,2.9
Oct 1875,12.7,1.5
Nov 1875,17.7,5
Dec 1875,9.9,4.9
Jan 1876,14.3,9.8
Feb 1876,15,13.5
Mar 1876,31.2,9.3
Apr 1876,2.3,25.2
May 1876,5.1,15.6
Jun 1876,1.6,15.8
Jul 1876,15.2,26.5
Aug 1876,8.8,36.6
Sep 1876,9.9,26.7
Oct 1876,14.3,31.1
Nov 1876,9.9,28.6
Dec 1876,8.2,34.4
Jan 1877,24.4,43.8
Feb 1877,8.7,61.7
Mar 1877,11.7,59.1
Apr 1877,15.8,67.6
May 1877,21.2,60.9
Jun 1877,13.4,59.3
Jul 1877,5.9,52.7
Aug 1877,6.3,41
Sep 1877,16.4,104
Oct 1877,6.7,108.4
Nov 1877,14.5,59.2
Dec 1877,2.3,79.6
Jan 1878,3.3,80.6
Feb 1878,6,59.4
Mar 1878,7.8,77.4
Apr 1878,0.1,104.3
May 1878,5.8,77.3
Jun 1878,6.4,114.9
Jul 1878,0.1,159.4
Aug 1878,0,160
Sep 1878,5.3,176
Oct 1878,1.1,135.6
Nov 1878,4.1,132.4
Dec 1878,0.5,153.8
Jan 1879,0.8,136
Feb 1879,0.6,146.4
Mar 1879,0,147.5
Apr 1879,6.2,130
May 1879,2.4,88.3
Jun 1879,4.8,125.3
Jul 1879,7.5,143.2
Aug 1879,10.7,162.4
Sep 1879,6.1,145.5
Oct 1879,12.3,91.7
Nov 1879,12.9,103
Dec 1879,7.2,110
Jan 1880,24,80.3
Feb 1880,27.5,89
Mar 1880,19.5,105.4
Apr 1880,19.3,90.3
May 1880,23.5,79.5
Jun 1880,34.1,120.1
Jul 1880,21.9,88.4
Aug 1880,48.1,102.1
Sep 1880,66,107.6
Oct 1880,43,109.9
Nov 1880,30.7,105.5
Dec 1880,29.6,92.9
Jan 1881,36.4,114.6
Feb 1881,53.2,103.5
Mar 1881,51.5,112
Apr 1881,51.7,83.9
May 1881,43.5,86.7
Jun 1881,60.5,107
Jul 1881,76.9,98.3
Aug 1881,58,76.2
Sep 1881,53.2,47.9
Oct 1881,64,44.8
Nov 1881,54.8,66.9
Dec 1881,47.3,68.2
Jan 1882,45,47.5
Feb 1882,69.3,47.4
Mar 1882,67.5,55.4
Apr 1882,95.8,49.2
May 1882,64.1,60.8
Jun 1882,45.2,64.2
Jul 1882,45.4,46.4
Aug 1882,40.4,32
Sep 1882,57.7,44.6
Oct 1882,59.2,38.2
Nov 1882,84.4,67.8
Dec 1882,41.8,61.3
Jan 1883,60.6,28
Feb 1883,46.9,34.3
Mar 1883,42.8,28.9
Apr 1883,82.1,29.3
May 1883,32.1,14.6
Jun 1883,76.5,22.2
Jul 1883,80.6,33.8
Aug 1883,46,29.1
Sep 1883,52.6,11.5
Oct 1883,83.8,23.9
Nov 1883,84.5,12.5
Dec 1883,75.9,14.6
Jan 1884,91.5,2.4
Feb 1884,86.9,12.7
Mar 1884,86.8,17.7
Apr 1884,76.1,9.9
May 1884,66.5,14.3
Jun 1884,51.2,15
Jul 1884,53.1,31.2
Aug 1884,55.8,2.3
Sep 1884,61.9,5.1
Oct 1884,47.8,1.6
Nov 1884,36.6,15.2
Dec 1884,47.2,8.8
Jan 1885,42.8,9.9
Feb 1885,71.8,14.3
Mar 1885,49.8,9.9
Apr 1885,55,8.2
May 1885,73,24.4
Jun 1885,83.7,8.7
Jul 1885,66.5,11.7
Aug 1885,50,15.8
Sep 1885,39.6,21.2
Oct 1885,38.7,13.4
Nov 1885,33.3,5.9
Dec 1885,21.7,6.3
Jan 1886,29.9,16.4
Feb 1886,25.9,6.7
Mar 1886,57.3,14.5
Apr 1886,43.7,2.3
May 1886,30.7,3.3
Jun 1886,27.1,6
Jul 1886,30.3,7.8
Aug 1886,16.9,0.1
Sep 1886,21.4,5.8
Oct 1886,8.6,6.4
Nov 1886,0.3,0.1
Dec 1886,12.4,0
Jan 1887,10.3,5.3
Feb 1887,13.2,1.1
Mar 1887,4.2,4.1
Apr 1887,6.9,0.5
May 1887,20,0.8
Jun 1887,15.7,0.6
Jul 1887,23.3,0
Aug 1887,21.4,6.2
Sep 1887,7.4,2.4
Oct 1887,6.6,4.8
Nov 1887,6.9,7.5
Dec 1887,20.7,10.7
Jan 1888,12.7,6.1
Feb 1888,7.1,12.3
Mar 1888,7.8,12.9
Apr 1888,5.1,7.2
May 1888,7,24
Jun 1888,7.1,27.5
Jul 1888,3.1,19.5
Aug 1888,2.8,19.3
Sep 1888,8.8,23.5
Oct 1888,2.1,34.1
Nov 1888,10.7,21.9
Dec 1888,6.7,48.1
Jan 1889,0.8,66
Feb 1889,8.5,43
Mar 1889,7,30.7
Apr 1889,4.3,29.6
May 1889,2.4,36.4
Jun 1889,6.4,53.2
Jul 1889,9.7,51.5
Aug 1889,20.6,51.7
Sep 1889,6.5,43.5
Oct 1889,2.1,60.5
Nov 1889,0.2,76.9
Dec 1889,6.7,58
Jan 1890,5.3,53.2
Feb 1890,0.6,64
Mar 1890,5.1,54.8
Apr 1890,1.6,47.3
May 1890,4.8,45
Jun 1890,1.3,69.3
Jul 1890,11.6,67.5
Aug 1890,8.5,95.8
Sep 1890,17.2,64.1
Oct 1890,11.2,45.2
Nov 1890,9.6,45.4
Dec 1890,7.8,40.4
Jan 1891,13.5,57.7
Feb 1891,22.2,59.2
Mar 1891,10.4,84.4
Apr 1891,20.5,41.8
May 1891,41.1,60.6
Jun 1891,48.3,46.9
Jul 1891,58.8,42.8
Aug 1891,33.2,82.1
Sep 1891,53.8,32.1
Oct 1891,51.5,76.5
Nov 1891,41.9,80.6
Dec 1891,32.3,46
Jan 1892,69.1,52.6
Feb 1892,75.6,83.8
Mar 1892,49.9,84.5
Apr 1892,69.6,75.9
May 1892,79.6,91.5
Jun 1892,76.3,86.9
Jul 1892,76.8,86.8
Aug 1892,101.4,76.1
Sep 1892,62.8,66.5
Oct 1892,70.5,51.2
Nov 1892,65.4,53.1
Dec 1892,78.6,55.8
Jan 1893,75,61.9
Feb 1893,73,47.8
Mar 1893,65.7,36.6
Apr 1893,88.1,47.2
May 1893,84.7,42.8
Jun 1893,88.2,71.8
Jul 1893,88.8,49.8
Aug 1893,129.2,55
Sep 1893,77.9,73
Oct 1893,79.7,83.7
Nov 1893,75.1,66.5
Dec 1893,93.8,50
Jan 1894,83.2,39.6
Feb 1894,84.6,38.7
Mar 1894,52.3,33.3
Apr 1894,81.6,21.7
May 1894,101.2,29.9
Jun 1894,98.9,25.9
Jul 1894,106,57.3
Aug 1894,70.3,43.7
Sep 1894,65.9,30.7
Oct 1894,75.5,27.1
Nov 1894,56.6,30.3
Dec 1894,60,16.9
Jan 1895,63.3,21.4
Feb 1895,67.2,8.6
Mar 1895,61,0.3
Apr 1895,76.9,12.4
May 1895,67.5,10.3
Jun 1895,71.5,13.2
Jul 1895,47.8,4.2
Aug 1895,68.9,6.9
Sep 1895,57.7,20
Oct 1895,67.9,15.7
Nov 1895,47.2,23.3
Dec 1895,70.7,21.4
Jan 1896,29,7.4
Feb 1896,57.4,6.6
Mar 1896,52,6.9
Apr 1896,43.8,20.7
May 1896,27.7,12.7
Jun 1896,49,7.1
Jul 1896,45,7.8
Aug 1896,27.2,5.1
Sep 1896,61.3,7
Oct 1896,28.4,7.1
Nov 1896,38,3.1
Dec 1896,42.6,2.8
Jan 1897,40.6,8.8
Feb 1897,29.4,2.1
Mar 1897,29.1,10.7
Apr 1897,31,6.7
May 1897,20,0.8
Jun 1897,11.3,8.5
Jul 1897,27.6,7
Aug 1897,21.8,4.3
Sep 1897,48.1,2.4
Oct 1897,14.3,6.4
Nov 1897,8.4,9.7
Dec 1897,33.3,20.6
Jan 1898,30.2,6.5
Feb 1898,36.4,2.1
Mar 1898,38.3,0.2
Apr 1898,14.5,6.7
May 1898,25.8,5.3
Jun 1898,22.3,0.6
Jul 1898,9,5.1
Aug 1898,31.4,1.6
Sep 1898,34.8,4.8
Oct 1898,34.4,1.3
Nov 1898,30.9,11.6
Dec 1898,12.6,8.5
Jan 1899,19.5,17.2
Feb 1899,9.2,11.2
Mar 1899,18.1,9.6
Apr 1899,14.2,7.8
May 1899,7.7,13.5
Jun 1899,20.5,22.2
Jul 1899,13.5,10.4
Aug 1899,2.9,20.5
Sep 1899,8.4,41.1
Oct 1899,13,48.3
Nov 1899,7.8,58.8
Dec 1899,10.5,33.2
Jan 1900,9.4,53.8
Feb 1900,13.6,51.5
Mar 1900,8.6,41.9
Apr 1900,16,32.3
May 1900,15.2,69.1
Jun 1900,12.1,75.6
Jul 1900,8.3,49.9
Aug 1900,4.3,69.6
Sep 1900,8.3,79.6
Oct 1900,12.9,76.3
Nov 1900,4.5,76.8
Dec 1900,0.3,101.4
Jan 1901,0.2,62.8
Feb 1901,2.4,70.5
Mar 1901,4.5,65.4
Apr 1901,0,78.6
May 1901,10.2,75
Jun 1901,5.8,73
Jul 1901,0.7,65.7
Aug 1901,1,88.1
Sep 1901,0.6,84.7
Oct 1901,3.7,88.2
Nov 1901,3.8,88.8
Dec 1901,0,129.2
Jan 1902,5.2,77.9
Feb 1902,0,79.7
Mar 1902,12.4,75.1
Apr 1902,0,93.8
May 1902,2.8,83.2
Jun 1902,1.4,84.6
Jul 1902,0.9,52.3
Aug 1902,2.3,81.6
Sep 1902,7.6,101.2
Oct 1902,16.3,98.9
Nov 1902,10.3,106
Dec 1902,1.1,70.3
Jan 1903,8.3,65.9
Feb 1903,17,75.5
Mar 1903,13.5,56.6
Apr 1903,26.1,60
May 1903,14.6,63.3
Jun 1903,16.3,67.2
Jul 1903,27.9,61
Aug 1903,28.8,76.9
Sep 1903,11.1,67.5
Oct 1903,38.9,71.5
Nov 1903,44.5,47.8
Dec 1903,45.6,68.9
Jan 1904,31.6,57.7
Feb 1904,24.5,67.9
Mar 1904,37.2,47.2
Apr 1904,43,70.7
May 1904,39.5,29
Jun 1904,41.9,57.4
Jul 1904,50.6,52
Aug 1904,58.2,43.8
Sep 1904,30.1,27.7
Oct 1904,54.2,49
Nov 1904,38,45
Dec 1904,54.6,27.2
Jan 1905,54.8,61.3
Feb 1905,85.8,28.4
Mar 1905,56.5,38
Apr 1905,39.3,42.6
May 1905,48,40.6
Jun 1905,49,29.4
Jul 1905,73,29.1
Aug 1905,58.8,31
Sep 1905,55,20
Oct 1905,78.7,11.3
Nov 1905,107.2,27.6
Dec 1905,55.5,21.8
Jan 1906,45.5,48.1
Feb 1906,31.3,14.3
Mar 1906,64.5,8.4
Apr 1906,55.3,33.3
May 1906,57.7,30.2
Jun 1906,63.2,36.4
Jul 1906,103.6,38.3
Aug 1906,47.7,14.5
Sep 1906,56.1,25.8
Oct 1906,17.8,22.3
Nov 1906,38.9,9
Dec 1906,64.7,31.4
Jan 1907,76.4,34.8
Feb 1907,108.2,34.4
Mar 1907,60.7,30.9
Apr 1907,52.6,12.6
May 1907,42.9,19.5
Jun 1907,40.4,9.2
Jul 1907,49.7,18.1
Aug 1907,54.3,14.2
Sep 1907,85,7.7
Oct 1907,65.4,20.5
Nov 1907,61.5,13.5
Dec 1907,47.3,2.9
Jan 1908,39.2,8.4
Feb 1908,33.9,13
Mar 1908,28.7,7.8
Apr 1908,57.6,10.5
May 1908,40.8,9.4
Jun 1908,48.1,13.6
Jul 1908,39.5,8.6
Aug 1908,90.5,16
Sep 1908,86.9,15.2
Oct 1908,32.3,12.1
Nov 1908,45.5,8.3
Dec 1908,39.5,4.3
Jan 1909,56.7,8.3
Feb 1909,46.6,12.9
Mar 1909,66.3,4.5
Apr 1909,32.3,0.3
May 1909,36,0.2
Jun 1909,22.6,2.4
Jul 1909,35.8,4.5
Aug 1909,23.1,0
Sep 1909,38.8,10.2
Oct 1909,58.4,5.8
Nov 1909,55.8,0.7
Dec 1909,54.2,1
Jan 1910,26.4,0.6
Feb 1910,31.5,3.7
Mar 1910,21.4,3.8
Apr 1910,8.4,0
May 1910,22.2,5.2
Jun 1910,12.3,0
Jul 1910,14.1,12.4
Aug 1910,11.5,0
Sep 1910,26.2,2.8
Oct 1910,38.3,1.4
Nov 1910,4.9,0.9
Dec 1910,5.8,2.3
Jan 1911,3.4,7.6
Feb 1911,9,16.3
Mar 1911,7.8,10.3
Apr 1911,16.5,1.1
May 1911,9,8.3
Jun 1911,2.2,17
Jul 1911,3.5,13.5
Aug 1911,4,26.1
Sep 1911,4,14.6
Oct 1911,2.6,16.3
Nov 1911,4.2,27.9
Dec 1911,2.2,28.8
Jan 1912,0.3,11.1
Feb 1912,0,38.9
Mar 1912,4.9,44.5
Apr 1912,4.5,45.6
May 1912,4.4,31.6
Jun 1912,4.1,24.5
Jul 1912,3,37.2
Aug 1912,0.3,43
Sep 1912,9.5,39.5
Oct 1912,4.6,41.9
Nov 1912,1.1,50.6
Dec 1912,6.4,58.2
Jan 1913,2.3,30.1
Feb 1913,2.9,54.2
Mar 1913,0.5,38
Apr 1913,0.9,54.6
May 1913,0,54.8
Jun 1913,0,85.8
Jul 1913,1.7,56.5
Aug 1913,0.2,39.3
Sep 1913,1.2,48
Oct 1913,3.1,49
Nov 1913,0.7,73
Dec 1913,3.8,58.8
Jan 1914,2.8,55
Feb 1914,2.6,78.7
Mar 1914,3.1,107.2
Apr 1914,17.3,55.5
May 1914,5.2,45.5
Jun 1914,11.4,31.3
Jul 1914,5.4,64.5
Aug 1914,7.7,55.3
Sep 1914,12.7,57.7
Oct 1914,8.2,63.2
Nov 1914,16.4,103.6
Dec 1914,22.3,47.7
Jan 1915,23,56.1
Feb 1915,42.3,17.8
Mar 1915,38.8,38.9
Apr 1915,41.3,64.7
May 1915,33,76.4
Jun 1915,68.8,108.2
Jul 1915,71.6,60.7
Aug 1915,69.6,52.6
Sep 1915,49.5,42.9
Oct 1915,53.5,40.4
Nov 1915,42.5,49.7
Dec 1915,34.5,54.3
Jan 1916,45.3,85
Feb 1916,55.4,65.4
Mar 1916,67,61.5
Apr 1916,71.8,47.3
May 1916,74.5,39.2
Jun 1916,67.7,33.9
Jul 1916,53.5,28.7
Aug 1916,35.2,57.6
Sep 1916,45.1,40.8
Oct 1916,50.7,48.1
Nov 1916,65.6,39.5
Dec 1916,53,90.5
Jan 1917,74.7,86.9
Feb 1917,71.9,32.3
Mar 1917,94.8,45.5
Apr 1917,74.7,39.5
May 1917,114.1,56.7
Jun 1917,114.9,46.6
Jul 1917,119.8,66.3
Aug 1917,154.5,32.3
Sep 1917,129.4,36
Oct 1917,72.2,22.6
Nov 1917,96.4,35.8
Dec 1917,129.3,23.1
Jan 1918,96,38.8
Feb 1918,65.3,58.4
Mar 1918,72.2,55.8
Apr 1918,80.5,54.2
May 1918,76.7,26.4
Jun 1918,59.4,31.5
Jul 1918,107.6,21.4
Aug 1918,101.7,8.4
Sep 1918,79.9,22.2
Oct 1918,85,12.3
Nov 1918,83.4,14.1
Dec 1918,59.2,11.5
Jan 1919,48.1,26.2
Feb 1919,79.5,38.3
Mar 1919,66.5,4.9
Apr 1919,51.8,5.8
May 1919,88.1,3.4
Jun 1919,111.2,9
Jul 1919,64.7,7.8
Aug 1919,69,16.5
Sep 1919,54.7,9
Oct 1919,52.8,2.2
Nov 1919,42,3.5
Dec 1919,34.9,4
Jan 1920,51.1,4
Feb 1920,53.9,2.6
Mar 1920,70.2,4.2
Apr 1920,14.8,2.2
May 1920,33.3,0.3
Jun 1920,38.7,0
Jul 1920,27.5,4.9
Aug 1920,19.2,4.5
Sep 1920,36.3,4.4
Oct 1920,49.6,4.1
Nov 1920,27.2,3
Dec 1920,29.9,0.3
Jan 1921,31.5,9.5
Feb 1921,28.3,4.6
Mar 1921,26.7,1.1
Apr 1921,32.4,6.4
May 1921,22.2,2.3
Jun 1921,33.7,2.9
Jul 1921,41.9,0.5
Aug 1921,22.8,0.9
Sep 1921,17.8,0
Oct 1921,18.2,0
Nov 1921,17.8,1.7
Dec 1921,20.3,0.2
Jan 1922,11.8,1.2
Feb 1922,26.4,3.1
Mar 1922,54.7,0.7
Apr 1922,11,3.8
May 1922,8,2.8
Jun 1922,5.8,2.6
Jul 1922,10.9,3.1
Aug 1922,6.5,17.3
Sep 1922,4.7,5.2
Oct 1922,6.2,11.4
Nov 1922,7.4,5.4
Dec 1922,17.5,7.7
Jan 1923,4.5,12.7
Feb 1923,1.5,8.2
Mar 1923,3.3,16.4
Apr 1923,6.1,22.3
May 1923,3.2,23
Jun 1923,9.1,42.3
Jul 1923,3.5,38.8
Aug 1923,0.5,41.3
Sep 1923,13.2,33
Oct 1923,11.6,68.8
Nov 1923,10,71.6
Dec 1923,2.8,69.6
Jan 1924,0.5,49.5
Feb 1924,5.1,53.5
Mar 1924,1.8,42.5
Apr 1924,11.3,34.5
May 1924,20.8,45.3
Jun 1924,24,55.4
Jul 1924,28.1,67
Aug 1924,19.3,71.8
Sep 1924,25.1,74.5
Oct 1924,25.6,67.7
Nov 1924,22.5,53.5
Dec 1924,16.5,35.2
Jan 1925,5.5,45.1
Feb 1925,23.2,50.7
Mar 1925,18,65.6
Apr 1925,31.7,53
May 1925,42.8,74.7
Jun 1925,47.5,71.9
Jul 1925,38.5,94.8
Aug 1925,37.9,74.7
Sep 1925,60.2,114.1
Oct 1925,69.2,114.9
Nov 1925,58.6,119.8
Dec 1925,98.6,154.5
Jan 1926,71.8,129.4
Feb 1926,70,72.2
Mar 1926,62.5,96.4
Apr 1926,38.5,129.3
May 1926,64.3,96
Jun 1926,73.5,65.3
Jul 1926,52.3,72.2
Aug 1926,61.6,80.5
Sep 1926,60.8,76.7
Oct 1926,71.5,59.4
Nov 1926,60.5,107.6
Dec 1926,79.4,101.7
Jan 1927,81.6,79.9
Feb 1927,93,85
Mar 1927,69.6,83.4
Apr 1927,93.5,59.2
May 1927,79.1,48.1
Jun 1927,59.1,79.5
Jul 1927,54.9,66.5
Aug 1927,53.8,51.8
Sep 1927,68.4,88.1
Oct 1927,63.1,111.2
Nov 1927,67.2,64.7
Dec 1927,45.2,69
Jan 1928,83.5,54.7
Feb 1928,73.5,52.8
Mar 1928,85.4,42
Apr 1928,80.6,34.9
May 1928,76.9,51.1
Jun 1928,91.4,53.9
Jul 1928,98,70.2
Aug 1928,83.8,14.8
Sep 1928,89.7,33.3
Oct 1928,61.4,38.7
Nov 1928,50.3,27.5
Dec 1928,59,19.2
Jan 1929,68.9,36.3
Feb 1929,64.1,49.6
Mar 1929,50.2,27.2
Apr 1929,52.8,29.9
May 1929,58.2,31.5
Jun 1929,71.9,28.3
Jul 1929,70.2,26.7
Aug 1929,65.8,32.4
Sep 1929,34.4,22.2
Oct 1929,54,33.7
Nov 1929,81.1,41.9
Dec 1929,108,22.8
Jan 1930,65.3,17.8
Feb 1930,49.2,18.2
Mar 1930,35,17.8
Apr 1930,38.2,20.3
May 1930,36.8,11.8
Jun 1930,28.8,26.4
Jul 1930,21.9,54.7
Aug 1930,24.9,11
Sep 1930,32.1,8
Oct 1930,34.4,5.8
Nov 1930,35.6,10.9
Dec 1930,25.8,6.5
Jan 1931,14.6,4.7
Feb 1931,43.1,6.2
Mar 1931,30,7.4
Apr 1931,31.2,17.5
May 1931,24.6,4.5
Jun 1931,15.3,1.5
Jul 1931,17.4,3.3
Aug 1931,13,6.1
Sep 1931,19,3.2
Oct 1931,10,9.1
Nov 1931,18.7,3.5
Dec 1931,17.8,0.5
Jan 1932,12.1,13.2
Feb 1932,10.6,11.6
Mar 1932,11.2,10
Apr 1932,11.2,2.8
May 1932,17.9,0.5
Jun 1932,22.2,5.1
Jul 1932,9.6,1.8
Aug 1932,6.8,11.3
Sep 1932,4,20.8
Oct 1932,8.9,24
Nov 1932,8.2,28.1
Dec 1932,11,19.3
Jan 1933,12.3,25.1
Feb 1933,22.2,25.6
Mar 1933,10.1,22.5
Apr 1933,2.9,16.5
May 1933,3.2,5.5
Jun 1933,5.2,23.2
Jul 1933,2.8,18
Aug 1933,0.2,31.7
Sep 1933,5.1,42.8
Oct 1933,3,47.5
Nov 1933,0.6,38.5
Dec 1933,0.3,37.9
Jan 1934,3.4,60.2
Feb 1934,7.8,69.2
Mar 1934,4.3,58.6
Apr 1934,11.3,98.6
May 1934,19.7,71.8
Jun 1934,6.7,70
Jul 1934,9.3,62.5
Aug 1934,8.3,38.5
Sep 1934,4,64.3
Oct 1934,5.7,73.5
Nov 1934,8.7,52.3
Dec 1934,15.4,61.6
Jan 1935,18.9,60.8
Feb 1935,20.5,71.5
Mar 1935,23.1,60.5
Apr 1935,12.2,79.4
May 1935,27.3,81.6
Jun 1935,45.7,93
Jul 1935,33.9,69.6
Aug 1935,30.1,93.5
Sep 1935,42.1,79.1
Oct 1935,53.2,59.1
Nov 1935,64.2,54.9
Dec 1935,61.5,53.8
Jan 1936,62.8,68.4
Feb 1936,74.3,63.1
Mar 1936,77.1,67.2
Apr 1936,74.9,45.2
May 1936,54.6,83.5
Jun 1936,70,73.5
Jul 1936,52.3,85.4
Aug 1936,87,80.6
Sep 1936,76,76.9
Oct 1936,89,91.4
Nov 1936,115.4,98
Dec 1936,123.4,83.8
Jan 1937,132.5,89.7
Feb 1937,128.5,61.4
Mar 1937,83.9,50.3
Apr 1937,109.3,59
May 1937,116.7,68.9
Jun 1937,130.3,64.1
Jul 1937,145.1,50.2
Aug 1937,137.7,52.8
Sep 1937,100.7,58.2
Oct 1937,124.9,71.9
Nov 1937,74.4,70.2
Dec 1937,88.8,65.8
Jan 1938,98.4,34.4
Feb 1938,119.2,54
Mar 1938,86.5,81.1
Apr 1938,101,108
May 1938,127.4,65.3
Jun 1938,97.5,49.2
Jul 1938,165.3,35
Aug 1938,115.7,38.2
Sep 1938,89.6,36.8
Oct 1938,99.1,28.8
Nov 1938,122.2,21.9
Dec 1938,92.7,24.9
Jan 1939,80.3,32.1
Feb 1939,77.4,34.4
Mar 1939,64.6,35.6
Apr 1939,109.1,25.8
May 1939,118.3,14.6
Jun 1939,101,43.1
Jul 1939,97.6,30
Aug 1939,105.8,31.2
Sep 1939,112.6,24.6
Oct 1939,88.1,15.3
Nov 1939,68.1,17.4
Dec 1939,42.1,13
Jan 1940,50.5,19
Feb 1940,59.4,10
Mar 1940,83.3,18.7
Apr 1940,60.7,17.8
May 1940,54.4,12.1
Jun 1940,83.9,10.6
Jul 1940,67.5,11.2
Aug 1940,105.5,11.2
Sep 1940,66.5,17.9
Oct 1940,55,22.2
Nov 1940,58.4,9.6
Dec 1940,68.3,6.8
Jan 1941,45.6,4
Feb 1941,44.5,8.9
Mar 1941,46.4,8.2
Apr 1941,32.8,11
May 1941,29.5,12.3
Jun 1941,59.8,22.2
Jul 1941,66.9,10.1
Aug 1941,60,2.9
Sep 1941,65.9,3.2
Oct 1941,46.3,5.2
Nov 1941,38.3,2.8
Dec 1941,33.7,0.2
Jan 1942,35.6,5.1
Feb 1942,52.8,3
Mar 1942,54.2,0.6
Apr 1942,60.7,0.3
May 1942,25,3.4
Jun 1942,11.4,7.8
Jul 1942,17.7,4.3
Aug 1942,20.2,11.3
Sep 1942,17.2,19.7
Oct 1942,19.2,6.7
Nov 1942,30.7,9.3
Dec 1942,22.5,8.3
Jan 1943,12.4,4
Feb 1943,28.9,5.7
Mar 1943,27.4,8.7
Apr 1943,26.1,15.4
May 1943,14.1,18.9
Jun 1943,7.6,20.5
Jul 1943,13.2,23.1
Aug 1943,19.4,12.2
Sep 1943,10,27.3
Oct 1943,7.8,45.7
Nov 1943,10.2,33.9
Dec 1943,18.8,30.1
Jan 1944,3.7,42.1
Feb 1944,0.5,53.2
Mar 1944,11,64.2
Apr 1944,0.3,61.5
May 1944,2.5,62.8
Jun 1944,5,74.3
Jul 1944,5,77.1
Aug 1944,16.7,74.9
Sep 1944,14.3,54.6
Oct 1944,16.9,70
Nov 1944,10.8,52.3
Dec 1944,28.4,87
Jan 1945,18.5,76
Feb 1945,12.7,89
Mar 1945,21.5,115.4
Apr 1945,32,123.4
May 1945,30.6,132.5
Jun 1945,36.2,128.5
Jul 1945,42.6,83.9
Aug 1945,25.9,109.3
Sep 1945,34.9,116.7
Oct 1945,68.8,130.3
Nov 1945,46,145.1
Dec 1945,27.4,137.7
Jan 1946,47.6,100.7
Feb 1946,86.2,124.9
Mar 1946,76.6,74.4
Apr 1946,75.7,88.8
May 1946,84.9,98.4
Jun 1946,73.5,119.2
Jul 1946,116.2,86.5
Aug 1946,107.2,101
Sep 1946,94.4,127.4
Oct 1946,102.3,97.5
Nov 1946,123.8,165.3
Dec 1946,121.7,115.7
Jan 1947,115.7,89.6
Feb 1947,113.4,99.1
Mar 1947,129.8,122.2
Apr 1947,149.8,92.7
May 1947,201.3,80.3
Jun 1947,163.9,77.4
Jul 1947,157.9,64.6
Aug 1947,188.8,109.1
Sep 1947,169.4,118.3
Oct 1947,163.6,101
Nov 1947,128,97.6
Dec 1947,116.5,105.8
Jan 1948,108.5,112.6
Feb 1948,86.1,88.1
Mar 1948,94.8,68.1
Apr 1948,189.7,42.1
May 1948,174,50.5
Jun 1948,167.8,59.4
Jul 1948,142.2,83.3
Aug 1948,157.9,60.7
Sep 1948,143.3,54.4
Oct 1948,136.3,83.9
Nov 1948,95.8,67.5
Dec 1948,138,105.5
Jan 1949,119.1,66.5
Feb 1949,182.3,55
Mar 1949,157.5,58.4
Apr 1949,147,68.3
May 1949,106.2,45.6
Jun 1949,121.7,44.5
Jul 1949,125.8,46.4
Aug 1949,123.8,32.8
Sep 1949,145.3,29.5
Oct 1949,131.6,59.8
Nov 1949,143.5,66.9
Dec 1949,117.6,60
Jan 1950,101.6,65.9
Feb 1950,94.8,46.3
Mar 1950,109.7,38.3
Apr 1950,113.4,33.7
May 1950,106.2,35.6
Jun 1950,83.6,52.8
Jul 1950,91,54.2
Aug 1950,85.2,60.7
Sep 1950,51.3,25
Oct 1950,61.4,11.4
Nov 1950,54.8,17.7
Dec 1950,54.1,20.2
Jan 1951,59.9,17.2
Feb 1951,59.9,19.2
Mar 1951,59.9,30.7
Apr 1951,92.9,22.5
May 1951,108.5,12.4
Jun 1951,100.6,28.9
Jul 1951,61.5,27.4
Aug 1951,61,26.1
Sep 1951,83.1,14.1
Oct 1951,51.6,7.6
Nov 1951,52.4,13.2
Dec 1951,45.8,19.4
Jan 1952,40.7,10
Feb 1952,22.7,7.8
Mar 1952,22,10.2
Apr 1952,29.1,18.8
May 1952,23.4,3.7
Jun 1952,36.4,0.5
Jul 1952,39.3,11
Aug 1952,54.9,0.3
Sep 1952,28.2,2.5
Oct 1952,23.8,5
Nov 1952,22.1,5
Dec 1952,34.3,16.7
Jan 1953,26.5,14.3
Feb 1953,3.9,16.9
Mar 1953,10,10.8
Apr 1953,27.8,28.4
May 1953,12.5,18.5
Jun 1953,21.8,12.7
Jul 1953,8.6,21.5
Aug 1953,23.5,32
Sep 1953,19.3,30.6
Oct 1953,8.2,36.2
Nov 1953,1.6,42.6
Dec 1953,2.5,25.9
Jan 1954,0.2,34.9
Feb 1954,0.5,68.8
Mar 1954,10.9,46
Apr 1954,1.8,27.4
May 1954,0.8,47.6
Jun 1954,0.2,86.2
Jul 1954,4.8,76.6
Aug 1954,8.4,75.7
Sep 1954,1.5,84.9
Oct 1954,7,73.5
Nov 1954,9.2,116.2
Dec 1954,7.6,107.2
Jan 1955,23.1,94.4
Feb 1955,20.8,102.3
Mar 1955,4.9,123.8
Apr 1955,11.3,121.7
May 1955,28.9,115.7
Jun 1955,31.7,113.4
Jul 1955,26.7,129.8
Aug 1955,40.7,149.8
Sep 1955,42.7,201.3
Oct 1955,58.5,163.9
Nov 1955,89.2,157.9
Dec 1955,76.9,188.8
Jan 1956,73.6,169.4
Feb 1956,124,163.6
Mar 1956,118.4,128
Apr 1956,110.7,116.5
May 1956,136.6,108.5
Jun 1956,116.6,86.1
Jul 1956,129.1,94.8
Aug 1956,169.6,189.7
Sep 1956,173.2,174
Oct 1956,155.3,167.8
Nov 1956,201.3,142.2
Dec 1956,192.1,157.9
Jan 1957,165,143.3
Feb 1957,130.2,136.3
Mar 1957,157.4,95.8
Apr 1957,175.2,138
May 1957,164.6,119.1
Jun 1957,200.7,182.3
Jul 1957,187.2,157.5
Aug 1957,158,147
Sep 1957,235.8,106.2
Oct 1957,253.8,121.7
Nov 1957,210.9,125.8
Dec 1957,239.4,123.8
Jan 1958,202.5,145.3
Feb 1958,164.9,131.6
Mar 1958,190.7,143.5
Apr 1958,196,117.6
May 1958,175.3,101.6
Jun 1958,171.5,94.8
Jul 1958,191.4,109.7
Aug 1958,200.2,113.4
Sep 1958,201.2,106.2
Oct 1958,181.5,83.6
Nov 1958,152.3,91
Dec 1958,187.6,85.2
Jan 1959,217.4,51.3
Feb 1959,143.1,61.4
Mar 1959,185.7,54.8
Apr 1959,163.3,54.1
May 1959,172,59.9
Jun 1959,168.7,59.9
Jul 1959,149.6,59.9
Aug 1959,199.6,92.9
Sep 1959,145.2,108.5
Oct 1959,111.4,100.6
Nov 1959,124,61.5
Dec 1959,125,61
Jan 1960,146.3,83.1
Feb 1960,106,51.6
Mar 1960,102.2,52.4
Apr 1960,122,45.8
May 1960,119.6,40.7
Jun 1960,110.2,22.7
Jul 1960,121.7,22
Aug 1960,134.1,29.1
Sep 1960,127.2,23.4
Oct 1960,82.8,36.4
Nov 1960,89.6,39.3
Dec 1960,85.6,54.9
Jan 1961,57.9,28.2
Feb 1961,46.1,23.8
Mar 1961,53,22.1
Apr 1961,61.4,34.3
May 1961,51,26.5
Jun 1961,77.4,3.9
Jul 1961,70.2,10
Aug 1961,55.9,27.8
Sep 1961,63.6,12.5
Oct 1961,37.7,21.8
Nov 1961,32.6,8.6
Dec 1961,40,23.5
Jan 1962,38.7,19.3
Feb 1962,50.3,8.2
Mar 1962,45.6,1.6
Apr 1962,46.4,2.5
May 1962,43.7,0.2
Jun 1962,42,0.5
Jul 1962,21.8,10.9
Aug 1962,21.8,1.8
Sep 1962,51.3,0.8
Oct 1962,39.5,0.2
Nov 1962,26.9,4.8
Dec 1962,23.2,8.4
Jan 1963,19.8,1.5
Feb 1963,24.4,7
Mar 1963,17.1,9.2
Apr 1963,29.3,7.6
May 1963,43,23.1
Jun 1963,35.9,20.8
Jul 1963,19.6,4.9
Aug 1963,33.2,11.3
Sep 1963,38.8,28.9
Oct 1963,35.3,31.7
Nov 1963,23.4,26.7
Dec 1963,14.9,40.7
Jan 1964,15.3,42.7
Feb 1964,17.7,58.5
Mar 1964,16.5,89.2
Apr 1964,8.6,76.9
May 1964,9.5,73.6
Jun 1964,9.1,124
Jul 1964,3.1,118.4
Aug 1964,9.3,110.7
Sep 1964,4.7,136.6
Oct 1964,6.1,116.6
Nov 1964,7.4,129.1
Dec 1964,15.1,169.6
Jan 1965,17.5,173.2
Feb 1965,14.2,155.3
Mar 1965,11.7,201.3
Apr 1965,6.8,192.1
May 1965,24.1,165
Jun 1965,15.9,130.2
Jul 1965,11.9,157.4
Aug 1965,8.9,175.2
Sep 1965,16.8,164.6
Oct 1965,20.1,200.7
Nov 1965,15.8,187.2
Dec 1965,17,158
Jan 1966,28.2,235.8
Feb 1966,24.4,253.8
Mar 1966,25.3,210.9
Apr 1966,48.7,239.4
May 1966,45.3,202.5
Jun 1966,47.7,164.9
Jul 1966,56.7,190.7
Aug 1966,51.2,196
Sep 1966,50.2,175.3
Oct 1966,57.2,171.5
Nov 1966,57.2,191.4
Dec 1966,70.4,200.2
Jan 1967,110.9,201.2
Feb 1967,93.6,181.5
Mar 1967,111.8,152.3
Apr 1967,69.5,187.6
May 1967,86.5,217.4
Jun 1967,67.3,143.1
Jul 1967,91.5,185.7
Aug 1967,107.2,163.3
Sep 1967,76.8,172
Oct 1967,88.2,168.7
Nov 1967,94.3,149.6
Dec 1967,126.4,199.6
Jan 1968,121.8,145.2
Feb 1968,111.9,111.4
Mar 1968,92.2,124
Apr 1968,81.2,125
May 1968,127.2,146.3
Jun 1968,110.3,106
Jul 1968,96.1,102.2
Aug 1968,109.3,122
Sep 1968,117.2,119.6
Oct 1968,107.7,110.2
Nov 1968,86,121.7
Dec 1968,109.8,134.1
Jan 1969,104.4,127.2
Feb 1969,120.5,82.8
Mar 1969,135.8,89.6
Apr 1969,106.8,85.6
May 1969,120,57.9
Jun 1969,106,46.1
Jul 1969,96.8,53
Aug 1969,98,61.4
Sep 1969,91.3,51
Oct 1969,95.7,77.4
Nov 1969,93.5,70.2
Dec 1969,97.9,55.9
Jan 1970,111.5,63.6
Feb 1970,127.8,37.7
Mar 1970,102.9,32.6
Apr 1970,109.5,40
May 1970,127.5,38.7
Jun 1970,106.8,50.3
Jul 1970,112.5,45.6
Aug 1970,93,46.4
Sep 1970,99.5,43.7
Oct 1970,86.6,42
Nov 1970,95.2,21.8
Dec 1970,83.5,21.8
Jan 1971,91.3,51.3
Feb 1971,79,39.5
Mar 1971,60.7,26.9
Apr 1971,71.8,23.2
May 1971,57.5,19.8
Jun 1971,49.8,24.4
Jul 1971,81,17.1
Aug 1971,61.4,29.3
Sep 1971,50.2,43
Oct 1971,51.7,35.9
Nov 1971,63.2,19.6
Dec 1971,82.2,33.2
Jan 1972,61.5,38.8
Feb 1972,88.4,35.3
Mar 1972,80.1,23.4
Apr 1972,63.2,14.9
May 1972,80.5,15.3
Jun 1972,88,17.7
Jul 1972,76.5,16.5
Aug 1972,76.8,8.6
Sep 1972,64,9.5
Oct 1972,61.3,9.1
Nov 1972,41.6,3.1
Dec 1972,45.3,9.3
Jan 1973,43.4,4.7
Feb 1973,42.9,6.1
Mar 1973,46,7.4
Apr 1973,57.7,15.1
May 1973,42.4,17.5
Jun 1973,39.5,14.2
Jul 1973,23.1,11.7
Aug 1973,25.6,6.8
Sep 1973,59.3,24.1
Oct 1973,30.7,15.9
Nov 1973,23.9,11.9
Dec 1973,23.3,8.9
Jan 1974,27.6,16.8
Feb 1974,26,20.1
Mar 1974,21.3,15.8
Apr 1974,40.3,17
May 1974,39.5,28.2
Jun 1974,36,24.4
Jul 1974,55.8,25.3
Aug 1974,33.6,48.7
Sep 1974,40.2,45.3
Oct 1974,47.1,47.7
Nov 1974,25,56.7
Dec 1974,20.5,51.2
Jan 1975,18.9,50.2
Feb 1975,11.5,57.2
Mar 1975,11.5,57.2
Apr 1975,5.1,70.4
May 1975,9,110.9
Jun 1975,11.4,93.6
Jul 1975,28.2,111.8
Aug 1975,39.7,69.5
Sep 1975,13.9,86.5
Oct 1975,9.1,67.3
Nov 1975,19.4,91.5
Dec 1975,7.8,107.2
Jan 1976,8.1,76.8
Feb 1976,4.3,88.2
Mar 1976,21.9,94.3
Apr 1976,18.8,126.4
May 1976,12.4,121.8
Jun 1976,12.2,111.9
Jul 1976,1.9,92.2
Aug 1976,16.4,81.2
Sep 1976,13.5,127.2
Oct 1976,20.6,110.3
Nov 1976,5.2,96.1
Dec 1976,15.3,109.3
Jan 1977,16.4,117.2
Feb 1977,23.1,107.7
Mar 1977,8.7,86
Apr 1977,12.9,109.8
May 1977,18.6,104.4
Jun 1977,38.5,120.5
Jul 1977,21.4,135.8
Aug 1977,30.1,106.8
Sep 1977,44,120
Oct 1977,43.8,106
Nov 1977,29.1,96.8
Dec 1977,43.2,98
Jan 1978,51.9,91.3
Feb 1978,93.6,95.7
Mar 1978,76.5,93.5
Apr 1978,99.7,97.9
May 1978,82.7,111.5
Jun 1978,95.1,127.8
Jul 1978,70.4,102.9
Aug 1978,58.1,109.5
Sep 1978,138.2,127.5
Oct 1978,125.1,106.8
Nov 1978,97.9,112.5
Dec 1978,122.7,93
Jan 1979,166.6,99.5
Feb 1979,137.5,86.6
Mar 1979,138,95.2
Apr 1979,101.5,83.5
May 1979,134.4,91.3
Jun 1979,149.5,79
Jul 1979,159.4,60.7
Aug 1979,142.2,71.8
Sep 1979,188.4,57.5
Oct 1979,186.2,49.8
Nov 1979,183.3,81
Dec 1979,176.3,61.4
Jan 1980,159.6,50.2
Feb 1980,155,51.7
Mar 1980,126.2,63.2
Apr 1980,164.1,82.2
May 1980,179.9,61.5
Jun 1980,157.3,88.4
Jul 1980,136.3,80.1
Aug 1980,135.4,63.2
Sep 1980,155,80.5
Oct 1980,164.7,88
Nov 1980,147.9,76.5
Dec 1980,174.4,76.8
Jan 1981,114,64
Feb 1981,141.3,61.3
Mar 1981,135.5,41.6
Apr 1981,156.4,45.3
May 1981,127.5,43.4
Jun 1981,90,42.9
Jul 1981,143.8,46
Aug 1981,158.7,57.7
Sep 1981,167.3,42.4
Oct 1981,162.4,39.5
Nov 1981,137.5,23.1
Dec 1981,150.1,25.6
Jan 1982,111.2,59.3
Feb 1982,163.6,30.7
Mar 1982,153.8,23.9
Apr 1982,122,23.3
May 1982,82.2,27.6
Jun 1982,110.4,26
Jul 1982,106.1,21.3
Aug 1982,107.6,40.3
Sep 1982,118.8,39.5
Oct 1982,94.7,36
Nov 1982,98.1,55.8
Dec 1982,127,33.6
Jan 1983,84.3,40.2
Feb 1983,51,47.1
Mar 1983,66.5,25
Apr 1983,80.7,20.5
May 1983,99.2,18.9
Jun 1983,91.1,11.5
Jul 1983,82.2,11.5
Aug 1983,71.8,5.1
Sep 1983,50.3,9
Oct 1983,55.8,11.4
Nov 1983,33.3,28.2
Dec 1983,33.4,39.7
